{
  "train_losses": [
    0.15585277299396694,
    0.11934175994247198,
    0.01794442255049944,
    0.016435341734904796,
    0.01543114145169966,
    0.013991506421007216,
    0.01442849458544515,
    0.013419779046671465,
    0.012283741525607184,
    0.012088925257558003,
    0.01187786867376417,
    0.010450980364112183,
    0.010612979327561334,
    0.009212591699906625,
    0.00852928364474792,
    0.007976627835887484
  ],
  "val_losses": [
    0.0,
    0.0,
    0.0,
    0.0,
    0.0,
    0.0,
    0.0,
    0.0,
    0.0,
    0.0,
    0.0,
    0.0,
    0.0,
    0.0,
    0.0,
    0.0
  ],
  "best_val_loss": 0.0,
  "total_epochs": 16,
  "training_time_minutes": 2.4192101836204527
}