{
  "train_losses": [
    0.19444873614702374,
    0.1453549803700298,
    0.14262426365166903,
    0.1417206972837448,
    0.14052517409436405,
    0.1398976636119187,
    0.14110487676225603,
    0.1394623341038823,
    0.13988846307620406,
    0.13892438169568777,
    0.0903323675156571,
    0.023207034508232027,
    0.015687938051996753,
    0.014100880740443245,
    0.012257126858457923,
    0.010851399943931028
  ],
  "val_losses": [
    0.0,
    0.0,
    0.0,
    0.0,
    0.0,
    0.0,
    0.0,
    0.0,
    0.0,
    0.0,
    0.0,
    0.0,
    0.0,
    0.0,
    0.0,
    0.0
  ],
  "best_val_loss": 0.0,
  "total_epochs": 16,
  "training_time_minutes": 0.9013424317042033
}